{"cameraMode":{"drawMode":0,"name":"Shaded","section":"Shading Mode"},"sceneLighting":true,"audioPlay":false,"sceneViewState":{"m_AlwaysRefresh":false,"showFog":true,"showSkybox":true,"showFlares":true,"showImageEffects":true,"showParticleSystems":true,"showVisualEffectGraphs":true,"m_FxEnabled":true},"in2DMode":false,"pivot":{"x":41.67247009277344,"y":0.042815446853637698,"z":-28.629610061645509},"rotation":{"x":0.0729941725730896,"y":0.3074767291545868,"z":-0.02366400696337223,"w":0.9484589099884033},"size":20.62469482421875,"orthographic":false}